Producto,Bodega,País,Mundo,Tipo,URL
Feinherb Riesling,Schloss Johannisberg Gelblack,Alemania,Viejo Mundo,,https://vvb.com.mx/wp/producto/schloss-johannisberg-gelblack-feinherb-riesling/
Alcohol Free,Henkell,Alemania,Viejo Mundo, Espumoso,https://vvb.com.mx/wp/producto/alcohol-free/
Riesling,Dr. Loosen,Alemania,Viejo Mundo, Blanco,https://vvb.com.mx/wp/producto/dr-loosen-riesling/
Sauvignon Blanc,Sileni,Nueva Zelanda,Nuevo Mundo,Blanco,https://vvb.com.mx/wp/producto/sileni-sauvignon-blanc/
Pinotage Tinto,KWV,Sudáfrica,Nuevo Mundo,Tinto,https://vvb.com.mx/wp/producto/kwv-pinotage-tinto/
Pinot Noir,Sileni,Nueva Zelanda,Nuevo Mundo,Tinto,https://vvb.com.mx/wp/producto/sileni-pinot-noir/
Tributo,Aldo César Palafox,México,Nuevo Mundo,Tinto ,https://vvb.com.mx/wp/producto/aldo-cesar-palafox-tributo/
Cabernet Sauvignon,Relieve,México,Nuevo Mundo,Tinto ,https://vvb.com.mx/wp/producto/relieve-vinicola-cabernet-sauvignon/
Clásico Chardonnay,Ventisquero,Chile,Nuevo Mundo,Blanco,https://vvb.com.mx/wp/producto/ventisquero-clasico-chardonnay/
Clásico Cabernet Sauvignon,Ventisquero,Chile,Nuevo Mundo,Tinto,https://vvb.com.mx/wp/producto/ventisquero-clasico-cabernet-sauvignon/
Shiraz,Rosemount,Australia,Nuevo Mundo,Tinto,https://vvb.com.mx/wp/producto/rosemount-estates-shiraz/
La Pieve Prosecco,Mionetto,Italia,Viejo Mundo, Lambrusco,https://vvb.com.mx/wp/producto/mionetto-la-pieve-prosecco/
Tantehue Cabernet Sauvignon,Ventisquero,Chile,Nuevo Mundo, Tinto,https://vvb.com.mx/wp/producto/ventisquero-tantehue-cabernet-sauvignon/
Domaine de La Gypière,Yvon Mau,Francia,Viejo Mundo,Tinto ,https://vvb.com.mx/wp/producto/yvon-mau-domaine-de-la-gypiere/
Vendimia Seleccionada,La Capilla,España,Viejo Mundo,Tinto ,https://vvb.com.mx/wp/producto/la-capilla-vendimia-seleccionada/
Crianza,La Capilla,España,Viejo Mundo,Tinto ,https://vvb.com.mx/wp/producto/la-capilla-crianza/
Vintage,Dow’s,Portugal,Viejo Mundo,Oporto,https://vvb.com.mx/wp/producto/dows-vintage/
Fine Ruby,Dow’s,Portugal,Viejo Mundo,Oporto,https://vvb.com.mx/wp/producto/dows-porto-fine-ruby/
Don Zoilo Brandy Alfonso,Williams & Humbert,España,Viejo Mundo,Destilado ,https://vvb.com.mx/wp/producto/williams-humbert-don-zoilo-brandy-alfonso-1000ml/
Godello,Vionta,España,Viejo Mundo,Blanco,https://vvb.com.mx/wp/producto/vionta-godello/
Don Zoilo Palo Cortado,Williams & Humbert,España,Viejo Mundo,Vino Generoso o Jerez ,https://vvb.com.mx/wp/producto/williams-humbert-don-zoilo-palo-cortado/
Don Zoilo Vermouth,Williams & Humbert,España,Viejo Mundo,Licor de hierbas ,https://vvb.com.mx/wp/producto/williams-humbert-don-zoilo-vermouth/
Albariño,Vionta,España,Viejo Mundo,Blanco,https://vvb.com.mx/wp/producto/vionta-albarino/
Don Zoilo Pedro Ximenez,Williams & Humbert,España,Viejo Mundo,Vino Generoso o Jerez ,https://vvb.com.mx/wp/producto/williams-humbert-don-zoilo-pedro-ximenez/
Moscatel Blanco,Williams & Humbert,España,Viejo Mundo,Vino Generoso o Jerez ,https://vvb.com.mx/wp/producto/williams-humbert-moscatel-blanco/
Don Zoilo Oloroso,Williams & Humbert,España,Viejo Mundo,Vino Generoso o Jerez ,https://vvb.com.mx/wp/producto/williams-humbert-don-zoilo-oloroso/
Don Zoilo Amotillinado,Williams & Humbert,España,Viejo Mundo,Vino Generoso o Jerez ,https://vvb.com.mx/wp/producto/williams-humbert-don-zoilo-amotillinado/
Don Zoilo Fino,Williams & Humbert,España,Viejo Mundo,Vino Generoso o Jerez ,https://vvb.com.mx/wp/producto/williams-humbert-don-zoilo-fino/
Fine Blanco,Dow’s,Portugal,Viejo Mundo,Oporto,https://vvb.com.mx/wp/producto/dows-porto-fine-blanco/
Don Zoilo Manzanilla – Sanlúcar de Barraméda,Williams & Humbert,España,Viejo Mundo,Vino Generoso o Jerez ,https://vvb.com.mx/wp/producto/williams-humbert-don-zoilo-sanlucar/
Fine Tawny,Dow’s,Portugal,Viejo Mundo,Oporto,https://vvb.com.mx/wp/producto/dows-fine-tawny/
40 años,Graham’s,Portugal,Viejo Mundo,Oporto,https://vvb.com.mx/wp/producto/grahams-40-anos/
30 años,Graham’s,Portugal,Viejo Mundo,Oporto,https://vvb.com.mx/wp/producto/grahams-30-anos/
20 años,Graham’s,Portugal,Viejo Mundo,Oporto,https://vvb.com.mx/wp/producto/grahams-20-anos/
Late Bottled Vintage,Graham’s,Portugal,Viejo Mundo,Oporto,https://vvb.com.mx/wp/producto/grahams-2008-late-bottled-vintage/
10 años,Graham’s,Portugal,Viejo Mundo,Oporto,https://vvb.com.mx/wp/producto/grahams-aged-10-anos/
6 Grapes,Graham’s,Portugal,Viejo Mundo,Oporto,https://vvb.com.mx/wp/producto/grahams-6-grapes/
Clos La Gaffeliere – St. Émilion Grand Cru,Yvone Mau,Francia,Viejo Mundo,Tinto ,https://vvb.com.mx/wp/producto/yvone-mau-clos-la-gaffeliere-st-emilion-grand-cru/
Château du Périer – Haut Médoc,Yvon Mau,Francia,Viejo Mundo,Tinto ,https://vvb.com.mx/wp/producto/yvon-mau-chateau-du-perier-haut-medoc/
 Le Petit Haut Lafitte – Pessac Leognan,Yvon Mau,Francia,Viejo Mundo,Tinto ,https://vvb.com.mx/wp/producto/yvon-mau-le-petit-haut-lafitte-pessac-leognan/
Château Jacques Boyd – Margaux,Yvon Mau,Francia,Viejo Mundo,Tinto ,https://vvb.com.mx/wp/producto/yvon-mau-chateau-jacques-boyd-margaux/
Château du Val d’Or – St. Émilion Grand Cru,Yvon Mau,Francia,Viejo Mundo,Tinto ,https://vvb.com.mx/wp/producto/yvon-mau-chateau-du-valdor-st-emilion-grand-cru/
Château Ferrand – Pomerol,Yvon Mau,Francia,Viejo Mundo,Tinto ,https://vvb.com.mx/wp/producto/yvon-mau-chateau-ferrand-pomerol/
Tantehue Chardonnay,Ventisquero,Chile,Nuevo Mundo, Blanco,https://vvb.com.mx/wp/producto/ventisquero-tantehue-chardonnay/
Reserva Pinot Noir,Ventisquero,Chile,Nuevo Mundo,Tinto,https://vvb.com.mx/wp/producto/ventisquero-reserva-pinot-noir/
Reserva Chardonnay,Ventisquero,Chile,Nuevo Mundo,Blanco ,https://vvb.com.mx/wp/producto/ventisquero-reserva-chardonnay/
Grey Syrah,Ventisquero,Chile,Nuevo Mundo,Tinto,https://vvb.com.mx/wp/producto/ventisquero-grey-syrah/
Reserva Merlot,Ventisquero,Chile,Nuevo Mundo,Tinto,https://vvb.com.mx/wp/producto/ventisquero-reserva-merlot/
Gran Reserva Carmenére,Ventisquero,Chile,Nuevo Mundo,Tinto,https://vvb.com.mx/wp/producto/ventisquero-gran-reserva-carmenere/
Reserva Cabernet Sauvignon,Ventisquero,Chile,Nuevo Mundo,Tinto,https://vvb.com.mx/wp/producto/ventisquero-reserva-cabernet-sauvignon/
Herú Pinot Noir,Ventisquero,Chile,Nuevo Mundo,Tinto,https://vvb.com.mx/wp/producto/ventisquero-heru-pinot-noir/
Enclave Cab. Sauv. Ultra Premium,Ventisquero,Chile,Nuevo Mundo,Tinto,https://vvb.com.mx/wp/producto/ventisquero-enclave-cab-sauv-ultra-premium/
Pangea Syrah Ultra Premium,Ventisquero,Chile,Nuevo Mundo,Tinto,https://vvb.com.mx/wp/producto/ventisquero-pangea-syrah-ultra-premium/
Pionero Blanco,Aldo César Palafox,México,Nuevo Mundo,Blanco ,https://vvb.com.mx/wp/producto/aldo-cesar-palafox-pionero-blanco/
Vertice Carmenére/Syrah,Ventisquero,Chile,Nuevo Mundo,Tinto,https://vvb.com.mx/wp/producto/ventisquero-vertice-carmenere-syrah/
Marija,Aldo César Palafox,México,Nuevo Mundo,Blanco ,https://vvb.com.mx/wp/producto/aldo-cesar-palafox-marija/
Pionero Tinto,Aldo César Palafox,México,Nuevo Mundo,Tinto ,https://vvb.com.mx/wp/producto/aldo-cesar-palafox-pionero-tinto/
Rosé Natural,Aldo César Palafox,México,Nuevo Mundo,Rosado ,https://vvb.com.mx/wp/producto/aldo-cesar-palafox-palafox-rose-natural/
Shiraz,Kumala,Sudáfrica,Nuevo Mundo,Tinto,https://vvb.com.mx/wp/producto/kumala-shiraz/
Pinotage,Kumala,Sudáfrica,Nuevo Mundo,Tinto,https://vvb.com.mx/wp/producto/kumala-pinotage/
Chenin Blanc,Kumala,Sudáfrica,Nuevo Mundo,Blanco,https://vvb.com.mx/wp/producto/kumala-chenin-blanc/
Ovis Tempranillo,Relieve,México,Nuevo Mundo,Tinto ,https://vvb.com.mx/wp/producto/relieve-vinicola-ovis-tempranillo/
Merlot,Relieve,México,Nuevo Mundo,Tinto ,https://vvb.com.mx/wp/producto/relieve-vinicola-merlot/
Ciclo Nebbiolo,Relieve,México,Nuevo Mundo,Tinto ,https://vvb.com.mx/wp/producto/relieve-vinicola-ciclo-nebbiolo/
Sauvignon Blanc / Chardonnay,Relieve,México,Nuevo Mundo,  ,https://vvb.com.mx/wp/producto/relieve-vinicola-sauvignon-blanc-chardonnay/
Syrah,Finca Ferrer,Argentina,Nuevo Mundo,Tinto ,https://vvb.com.mx/wp/producto/finca-ferrer-syrah/
Syrah,Viento Sur,Argentina,Nuevo Mundo,Tinto ,https://vvb.com.mx/wp/producto/viento-sur-syrah/
Malbec,Viento Sur,Argentina,Nuevo Mundo,Tinto ,https://vvb.com.mx/wp/producto/viento-sur-malbec/
Malbec,Finca Ferrer,Argentina,Nuevo Mundo,Tinto ,https://vvb.com.mx/wp/producto/finca-ferre-malbec/
Torrontés,Viento Sur,Argentina,Nuevo Mundo,Blanco ,https://vvb.com.mx/wp/producto/viento-sur-torrontes/
Omilen Malbec,Viento Sur,Argentina,Nuevo Mundo,Tinto ,https://vvb.com.mx/wp/producto/viento-sur-omilen-malbec/
Blanco Semi Dulce,Viña Carossa,España,Viejo Mundo,Blanco,https://vvb.com.mx/wp/producto/vina-carossa-blanco-semi-dulce/
Tinto,Viña Carossa,España,Viejo Mundo,Tinto ,https://vvb.com.mx/wp/producto/vina-carossa-tinto/
Crianza,Viña Salceda,España,Viejo Mundo,Tinto,https://vvb.com.mx/wp/producto/vina-salceda-crianza/
Cosecha,Solar Viejo,España,Viejo Mundo,Tinto ,https://vvb.com.mx/wp/producto/solar-viejo-cosecha/
Rose,Txakoli Rezabal,España,Viejo Mundo,  ,https://vvb.com.mx/wp/producto/txakoli-rezabal-rose/
Sidra Natural,Mayador,España,Viejo Mundo,Sidra ,https://vvb.com.mx/wp/producto/mayador-sidra-natural/
Brut Organic,Segura Viudas,España,Viejo Mundo,Espumoso ,https://vvb.com.mx/wp/producto/segura-viudas-brut-organic/
Brut Reserva,Segura Viudas,España,Viejo Mundo,Espumoso ,https://vvb.com.mx/wp/producto/segura-viudas-brut-reserva/
San Román,San Román,España,Viejo Mundo,Tinto ,https://vvb.com.mx/wp/producto/san-roman/
Albariño,Paco & Lola,España,Viejo Mundo,Blanco,https://vvb.com.mx/wp/producto/paco-lola-albarino/
Tinto,Morlanda,España,Viejo Mundo,Tinto ,https://vvb.com.mx/wp/producto/morlanda-tinto/
Vinea Crianza,Museum,España,Viejo Mundo,Tinto,https://vvb.com.mx/wp/producto/museum-vinea-tempranillo-crianza/
750ml(Producción limitada),Mauro,España,Viejo Mundo,Tinto ,https://vvb.com.mx/wp/producto/mauro-750ml-produccion-limitada/
Albariño Lías – Rias Baixas,Martín Códax,España,Viejo Mundo,Blanco,https://vvb.com.mx/wp/producto/martin-codax-albarino-lias-rias-baixa/
Vino Rosado 375ml,Marqués de Cáceres,España,Viejo Mundo,Rosado ,https://vvb.com.mx/wp/producto/marques-de-caceres-vino-rosado-375ml/
Mara Martín Godello – Monterrei,Martín Códax,España,Viejo Mundo,Blanco,https://vvb.com.mx/wp/producto/martin-codax-mara-martin-godello-monterrei/
Tinto,La Campana,Francia,Viejo Mundo,Tinto ,https://vvb.com.mx/wp/producto/la-campana-tinto/
Vino Rosado,Marqués de Cáceres,España,Viejo Mundo,Rosado ,https://vvb.com.mx/wp/producto/marques-de-caceres-vino-rosado/
Vino Blanco Verdejo 375ml,Marqués de Cáceres,España,Viejo Mundo,Blanco ,https://vvb.com.mx/wp/producto/marques-de-caceres-vino-blanco-verdejo-375ml/
Satinela Vino Blanco Semidulce,Marqués de Cáceres,España,Viejo Mundo,Blanco ,https://vvb.com.mx/wp/producto/marques-de-caceres-satinela-semi-dulce-rioja/
Vino Blanco Verdejo,Marqués de Cáceres,España,Viejo Mundo,Blanco ,https://vvb.com.mx/wp/producto/marques-de-caceres-vino-blanco-verdejo/
Vino Tinto Reserva,Marqués de Cáceres,España,Viejo Mundo,Tinto ,https://vvb.com.mx/wp/producto/marques-de-caceres-reserva-rioja/
Vino Rosé,Excellens de M de C,España,Viejo Mundo,Rosado ,https://vvb.com.mx/wp/producto/excellens-de-m-de-c-vino-rose/
Vino Tinto Cuvée Especial,Excellens de M de C,España,Viejo Mundo,Tinto ,https://vvb.com.mx/wp/producto/excellens-de-m-de-c-vino-tinto-cuvee-especial/
Vino Tinto Crianza 3000ml,Marqués de Cáceres,España,Viejo Mundo,Tinto ,https://vvb.com.mx/wp/producto/marques-de-caceres-vino-tinto-crianza-3000ml/
Vino Tinto Crianza 1500ml,Marqués de Cáceres,España,Viejo Mundo,Tinto ,https://vvb.com.mx/wp/producto/marques-de-caceres-vino-tinto-crianza-1500ml/
Generación MC Vino Tinto Colección Privada,Marqués de Cáceres,España,Viejo Mundo,Tinto ,https://vvb.com.mx/wp/producto/marques-de-caceres-generacion-mc-vino-tinto-coleccion-privada/
Vino Tinto Gran Reserva,Marqués de Cáceres,España,Viejo Mundo,Tinto ,https://vvb.com.mx/wp/producto/marques-de-caceres-vino-tinto-gran-reserva/
Vino Tinto Crianza,Marqués de Cáceres,España,Viejo Mundo,Tinto ,https://vvb.com.mx/wp/producto/marques-de-caceres-vino-tinto-crianza/
Blanco,El Coto,España,Viejo Mundo,Blanco ,https://vvb.com.mx/wp/producto/el-coto-blanco/
Gaudium Vino Tinto Reserva,Marqués de Cáceres,España,Viejo Mundo,Tinto ,https://vvb.com.mx/wp/producto/marques-de-caceres-gaudium-vino-tinto-reserva/
Crianza 375ml,El Coto,España,Viejo Mundo,Tinto,https://vvb.com.mx/wp/producto/el-coto-crianza-375ml/
Crianza,El Coto,España,Viejo Mundo,Tinto,https://vvb.com.mx/wp/producto/el-coto-crianza/
Coto De Imaz Reserva,El Coto,Francia,Viejo Mundo,Tinto,https://vvb.com.mx/wp/producto/el-coto-coto-de-imaz-reserva/
Coto Mayor Crianza,El Coto,España,Viejo Mundo,Tinto,https://vvb.com.mx/wp/producto/el-coto-coto-mayor-crianza/
Rosado,El Coto,España,Viejo Mundo,Rosado ,https://vvb.com.mx/wp/producto/el-coto-rosado/
Coto Real Reserva,El Coto,España,Viejo Mundo,Tinto,https://vvb.com.mx/wp/producto/el-coto-coto-real-reserva/
Albariño Rías Baixas,Martín Códax,España,Viejo Mundo,Blanco,https://vvb.com.mx/wp/producto/martin-codax-albarino-rias-baixas/
Cuatro Pasos Tinto,Martín Códax,España,Viejo Mundo,Tinto,https://vvb.com.mx/wp/producto/martin-codax-cuatro-pasos-tinto/
Cuatro Pasos Rosado,Martín Códax,España,Viejo Mundo,Rosado ,https://vvb.com.mx/wp/producto/martin-codax-cuatro-pasos-rosado-bierzo/
1500ml (Producción limitada),Mauro,España,Viejo Mundo,Tinto ,https://vvb.com.mx/wp/producto/mauro-750ml-produccion-limitada-2/
Orujo Blanco,Martín Códax,España,Viejo Mundo,Aguardiente Blanco de Orujo,https://vvb.com.mx/wp/producto/martin-codax-orujo-blanco/
Terreus,Mauro,España,Viejo Mundo,Tinto ,https://vvb.com.mx/wp/producto/mauro-terreus/
Orujo de Hierbas,Martín Códax,España,Viejo Mundo,Licor de hierbas ,https://vvb.com.mx/wp/producto/martin-codax-oruja-de-hierbas-de-galicia/
VS,Mauro,España,Viejo Mundo,Tinto ,https://vvb.com.mx/wp/producto/mauro-vs-tinto/
No. 12 Albariño,Paco & Lola,España,Viejo Mundo,Blanco,https://vvb.com.mx/wp/producto/paco-lola-no-12-albarino/
Reserva Cigales,Museum,España,Viejo Mundo,Tinto,https://vvb.com.mx/wp/producto/museum-reserva-cigales/
Prima,San Román,España,Viejo Mundo,Tinto ,https://vvb.com.mx/wp/producto/san-roman-prima-2/
Cartago (producción limitada),San Román,España,Viejo Mundo,Tinto ,https://vvb.com.mx/wp/producto/san-roman-cartago-produccion-limitada/
Viña Augusta 375ml,René Barbier,España,Viejo Mundo,Blanco ,https://vvb.com.mx/wp/producto/rene-barbier-vina-augusta-375ml/
Viña Augusta,René Barbier,España,Viejo Mundo,Blanco ,https://vvb.com.mx/wp/producto/rene-barbier-vina-augusta/
Tinto 250ml,René Barbier,España,Viejo Mundo,Tinto ,https://vvb.com.mx/wp/producto/rene-barbier-tinto-250ml/
Tinto 375ml,René Barbier,España,Viejo Mundo,Tinto ,https://vvb.com.mx/wp/producto/rene-barbier-tinto-375ml/
Tinto 187ml,René Barbier,España,Viejo Mundo,Tinto ,https://vvb.com.mx/wp/producto/rene-barbier-tinto-187ml/
Tinto,René Barbier,España,Viejo Mundo,Tinto ,https://vvb.com.mx/wp/producto/rene-barbier-tinto/
Cava Reserva Semi-seco,René Barbier,España,Viejo Mundo,Espumoso ,https://vvb.com.mx/wp/producto/rene-barbier-cava-reserva-semi-seco/
Tinto Reserva,René Barbier,España,Viejo Mundo,Tinto ,https://vvb.com.mx/wp/producto/rene-barbier-reserva-2009/
Semi Seco,Segura Viudas,España,Viejo Mundo,Espumoso ,https://vvb.com.mx/wp/producto/segura-viudas-semi-seco/
Cava Reserva Brut,René Barbier,España,Viejo Mundo,Espumoso ,https://vvb.com.mx/wp/producto/rene-barbier-cava-reserva-brut/
Brut Rosé,Segura Viudas,España,Viejo Mundo,Espumoso ,https://vvb.com.mx/wp/producto/segura-viudas-cava-brut-rose/
Brut Reserva Heredad,Segura Viudas,España,Viejo Mundo,Espumoso ,https://vvb.com.mx/wp/producto/segura-viudas-reserva-brut-heredad/
Brut Reserva 1500ml,Segura Viudas,España,Viejo Mundo,Espumoso ,https://vvb.com.mx/wp/producto/segura-viudas-brut-reserva-1500ml/
Sansidra,Mayador,España,Viejo Mundo,Bebida / cocktail,https://vvb.com.mx/wp/producto/mayador-sansidra/
Sidra Espumosa Blanca,Mayador,España,Viejo Mundo,Sidra ,https://vvb.com.mx/wp/producto/mayador-sidra-espumosa-blanca/
Sidra Espumosa Rosada,Mayador,España,Viejo Mundo,Sidra ,https://vvb.com.mx/wp/producto/mayador-sidra-espumosa-rosada/
Reserva,Solar Viejo,España,Viejo Mundo,Tinto ,https://vvb.com.mx/wp/producto/solar-viejo-reserva/
Sidra Sin Alcohol,Mayador,España,Viejo Mundo,Sidra ,https://vvb.com.mx/wp/producto/mayador-sidra-sin-alcohol/
Crianza,Solar Viejo,España,Viejo Mundo,Tinto ,https://vvb.com.mx/wp/producto/solar-viejo-crianza/
Txakoli Rezabal,Txakoli Rezabal,España,Viejo Mundo,  ,https://vvb.com.mx/wp/producto/txakoli-rezabal/
Reserva,Viña Salceda,España,Viejo Mundo,Tinto,https://vvb.com.mx/wp/producto/vina-salceda-reserva/
Tempranillo Ribera del Duero,Me & You,España,Viejo Mundo,Tinto ,https://vvb.com.mx/wp/producto/me-you-tempranillo-ribera-del-duero/
Verdejo Roble,Valdubón,España,Viejo Mundo,Tinto ,https://vvb.com.mx/wp/producto/valdubon-verdejo-roble-2/
Verdejo Joven,Valdubón,España,Viejo Mundo,Blanco,https://vvb.com.mx/wp/producto/valdubon-rueda-verdejo/
Cosecha,Valdubón,España,Viejo Mundo,,https://vvb.com.mx/wp/producto/valdubon-ribera-del-duero-tempranillo/
Roble,Valdubón,España,Viejo Mundo,Tinto ,https://vvb.com.mx/wp/producto/valdubon-roble/
Reserva,Valdubón,España,Viejo Mundo,Tinto ,https://vvb.com.mx/wp/producto/valdubon-reserva/
Honoris de Valdubón,Valdubón,España,Viejo Mundo,Tinto ,https://vvb.com.mx/wp/producto/valdubon-honoris-de-valdubon/
Crianza,Valdubón,España,Viejo Mundo,Tinto ,https://vvb.com.mx/wp/producto/valdubon-crianza/
Trocken Riesling,Schloss Johannisberg Gelblack,Alemania,Viejo Mundo,,https://vvb.com.mx/wp/producto/schloss-johannisberg-gelblack-trocken-riesling/
Liebfraumilch,Reh Kendermann,Alemania,Viejo Mundo,,https://vvb.com.mx/wp/producto/reh-kendermann-liebfraumilch/
Oppenheimer Krötenbrunnen,Reh Kendermann,Alemania,Viejo Mundo,,https://vvb.com.mx/wp/producto/reh-kendermann-oppenheimer-krotenbrunnen/
Brut,Henkell,Alemania,Viejo Mundo,Brut,https://vvb.com.mx/wp/producto/henkell-brut/
Blanc de Blancs,Henkell,Alemania,Viejo Mundo, Espumoso,https://vvb.com.mx/wp/producto/henkell-blanc-de-blancs/
Halbtrocken,Henkell,Alemania,Viejo Mundo, Espumoso,https://vvb.com.mx/wp/producto/henkell-haltbrocken/
Crianza,Beso de Rechenna,Sin Categorizar,Sin Categorizar,Tinto ,https://vvb.com.mx/wp/producto/beso-de-rechenna-tinto/
Vendimia Seleccionda,Resalte,España,Viejo Mundo,Tinto,https://vvb.com.mx/wp/producto/resalte-vendimia-seleccionda/
Gran Resalte,Resalte,España,Viejo Mundo,Tinto,https://vvb.com.mx/wp/producto/resalte-gran-resalte/
Godello,Dominio de Tares,España,Viejo Mundo,Blanco,https://vvb.com.mx/wp/producto/dominio-de-tares-godello/
Cepas Viejas,Dominio de Tares,España,Viejo Mundo,Tinto,https://vvb.com.mx/wp/producto/dominio-de-tares-cepas-viejas/
Baltos,Dominio de Tares,España,Viejo Mundo,Tinto,https://vvb.com.mx/wp/producto/dominio-de-tares-baltos-mencia/
Bembibre,Dominio de Tares,España,Viejo Mundo,Tinto,https://vvb.com.mx/wp/producto/dominio-de-tares-bembibre/
Selección,Borsao,España,Viejo Mundo,Tinto,https://vvb.com.mx/wp/producto/borsao-seleccion/
Tinto Clásico,Borsao,España,Viejo Mundo,Tinto,https://vvb.com.mx/wp/producto/borsao-tinto-clasico/
Tres Picos,Borsao,España,Viejo Mundo,Tinto,https://vvb.com.mx/wp/producto/borsao-garnacha-tres-picos/
Valpolicella Classico Sup. DOCG Ripasso,Tommasi,Italia,Viejo Mundo,Tinto ,https://vvb.com.mx/wp/producto/tommasi-valpolicella-clasico-sup-docg-ripasso/
Valpolicella DOC,Tommasi,Italia,Viejo Mundo,Tinto ,https://vvb.com.mx/wp/producto/tommasi-valpolicella-doc/
Montepulciano D’ Abruzzo,Umani Ronchi Podere,Italia,Viejo Mundo,Tinto,https://vvb.com.mx/wp/producto/umani-ronchi-podere-montepulciano-d-abruzzo/
Fernet Stock,Stock,Italia,Viejo Mundo,  ,https://vvb.com.mx/wp/producto/stock-fernet-stock/
Vermouth Dry,Pinelli,Italia,Viejo Mundo,  ,https://vvb.com.mx/wp/producto/pinelli-vermouth-dry/
Lambrusco Tinto,Monteberín,Italia,Viejo Mundo,Espumoso ,https://vvb.com.mx/wp/producto/monteberin-lambrusco-tinto/
Barbera D’ Alba,Oddero,Italia,Viejo Mundo,  ,https://vvb.com.mx/wp/producto/oddero-barbera-d-alba/
Barolo DOCG,Oddero,Italia,Viejo Mundo,Tinto ,https://vvb.com.mx/wp/producto/oddero-barolo/
Langhee Nebbiolo,Oddero,Italia,Viejo Mundo,Tinto ,https://vvb.com.mx/wp/producto/oddero-langhee-nebbiolo/
Dolcetto D’ Alba,Oddero,Italia,Viejo Mundo,Tinto ,https://vvb.com.mx/wp/producto/oddero-dolcetto-d-alba/
Vermouth Rosso,Pinelli,Italia,Viejo Mundo,  ,https://vvb.com.mx/wp/producto/pinelli-vermouth-rosso/
Lambrusco Tinto,Bella Passione,Italia,Viejo Mundo, Lambrusco,https://vvb.com.mx/wp/producto/bella-passione-lambrusco-tinto-2/
Lambrusco Blanco,Bella Passione,Italia,Viejo Mundo, Lambrusco,https://vvb.com.mx/wp/producto/bella-passione-lambrusco-blanco-2/
Lambrusco Rosado,Bella Passione,Italia,Viejo Mundo, Lambrusco,https://vvb.com.mx/wp/producto/bella-passione-lambrusco-rosado-2/
Prosecco,Pinelli,Italia,Viejo Mundo,Blanco Espumoso,https://vvb.com.mx/wp/producto/pinelli-prosecco/
Passion,Pinelli,Italia,Viejo Mundo,Blanco Espumoso,https://vvb.com.mx/wp/producto/pinelli-passion/
Moscato Spumante,Pinelli,Italia,Viejo Mundo,Blanco Espumoso,https://vvb.com.mx/wp/producto/pinelli-moscato-spumante/
Asti Spumante,Pinelli,Italia,Viejo Mundo,Blanco Espumoso,https://vvb.com.mx/wp/producto/pinelli-asti-spumante/
Grappa Piave «Selezione Cuore»,Piave,Italia,Viejo Mundo, Aguardiente de Orujo,https://vvb.com.mx/wp/producto/piave-grappa-piave-selezione-cuore/
Le Rosse Pinot Grigio IGT Delle Venezie,Tommasi,Italia,Viejo Mundo,Blanco ,https://vvb.com.mx/wp/producto/tommasi-le-rosse-pinot-grigio-igt-delle-venezie/
Expresión,Resalte,España,Viejo Mundo,Tinto,https://vvb.com.mx/wp/producto/resalte-expresion/
Casisano Rosso di Montalcino DOC,Tommasi,Italia,Viejo Mundo,Tinto ,https://vvb.com.mx/wp/producto/tommasi-casisano-rosso-di-montalcino-doc/
Amarone Della Valpolicella Classico DOCG,Tommasi,Italia,Viejo Mundo,Tinto ,https://vvb.com.mx/wp/producto/tommasi-amarone-della-valpolicella-classico-docg/
Casisano Brunello di Montalcino DOCG,Tommasi,Italia,Viejo Mundo,Tinto ,https://vvb.com.mx/wp/producto/tommasi-casisano-brunello-di-montalcino-docg/
Origen,Resalte,España,Viejo Mundo,Tinto,https://vvb.com.mx/wp/producto/resalte-origen/
9 Meses,Carmelo Rodero,España,Viejo Mundo,,https://vvb.com.mx/wp/producto/carmelo-rodero-tsm-ribera-del-duero/
TSM,Carmelo Rodero,España,Viejo Mundo,Tinto,https://vvb.com.mx/wp/producto/carmelo-rodero-tsm/
Reserva,Carmelo Rodero,España,Viejo Mundo,Tinto,https://vvb.com.mx/wp/producto/carmelo-rodero-reserva/
Pago de Valtarreña,Carmelo Rodero,España,Viejo Mundo,Tinto,https://vvb.com.mx/wp/producto/carmelo-rodero-pago-de-valtarrena/
Crianza,Carmelo Rodero,España,Viejo Mundo,Tinto,https://vvb.com.mx/wp/producto/carmelo-rodero-crianza/
Merlot,Pierre Jean,Francia,Viejo Mundo,Tinto ,https://vvb.com.mx/wp/producto/pierre-jean-merlot/
Vin Santo,Barone de Ricasoli,Italia,Viejo Mundo, Blanco,https://vvb.com.mx/wp/producto/barone-de-ricasoli-vin-santo/
Moreau Petit Chablis,J. Moreau & Fils,Francia,Viejo Mundo,Blanco ,https://vvb.com.mx/wp/producto/j-moreau-fils-moreau-petit-chablis-750ml/
R Saint – Emilion,Légende,Francia,Viejo Mundo,Tinto,https://vvb.com.mx/wp/producto/legende-r-saint-emilion/
Moreau Rosé d’Anjou,J. Moreau & Fils,Francia,Viejo Mundo,Rosado,https://vvb.com.mx/wp/producto/j-moreau-fils-moreau-rose-d-anjou/
Moreau Chablis,J. Moreau & Fils,Francia,Viejo Mundo,Blanco ,https://vvb.com.mx/wp/producto/j-moreau-fils-chablis/
Moreau Blanc de Blancs (Demisec),J. Moreau & Fils,Francia,Viejo Mundo,Blanco ,https://vvb.com.mx/wp/producto/j-moreau-fils-moreau-blanc-de-blancs-demisec/
Gewürztraminer Reserve,Gustave Lorentz,Francia,Viejo Mundo,Blanco ,https://vvb.com.mx/wp/producto/gustave-lorentz-gewurztraminer-reserve/
Otima 10 años,Warre’s,Portugal,Viejo Mundo,Oporto,https://vvb.com.mx/wp/producto/warres-otima-10-anos/
Warrior Reserve,Warre’s,Portugal,Viejo Mundo,Oporto,https://vvb.com.mx/wp/producto/warres-warrior-reserve/
Absente c/ cuchara,Absente c/ cuchara,Francia,Viejo Mundo,  ,https://vvb.com.mx/wp/producto/ditrilleries-et-domaines-de-provence-absente/
Otima 20 años,Warre’s,Portugal,Viejo Mundo,Oporto,https://vvb.com.mx/wp/producto/warres-otima-20-anos/
Reserva Carmenére,Caliterra,Chile,Nuevo Mundo,Tinto,https://vvb.com.mx/wp/producto/caliterra-reserva-carmenere/
 Le Dix,Los Vascos,Chile,Nuevo Mundo,Tinto,https://vvb.com.mx/wp/producto/los-vascos-le-dix/
Raza Rosado,Quinta Da Raza,Portugal,Viejo Mundo,Rosé,https://vvb.com.mx/wp/producto/quinta-da-raza-raza-rosado/
Isosceles,Justin,Estados Unidos,Nuevo Mundo, Tinto,https://vvb.com.mx/wp/producto/justin-isosceles/
Shiraz Cabernet,Hardy’s Stamp,Australia,Nuevo Mundo, Tinto,https://vvb.com.mx/wp/producto/hardys-stamp-shiraz-cabernet/
Cabernet Sauvignon,Justin,Estados Unidos,Nuevo Mundo, Tinto,https://vvb.com.mx/wp/producto/justin-cabernet-sauvignon/
Justification,Justin,Estados Unidos,Nuevo Mundo, Tinto,https://vvb.com.mx/wp/producto/justin-justification/
Chardonnay Semillon,Hardy’s Stamp,Australia,Nuevo Mundo, Blanco,https://vvb.com.mx/wp/producto/hardys-stamp-chardonnay-semillon/
Reserva Sauvignon Blanc,Caliterra,Chile,Nuevo Mundo,Blanco,https://vvb.com.mx/wp/producto/caliterra-reserva-sauvignon-blanc/
Reserva Cabernet Sauvignon,Caliterra,Chile,Nuevo Mundo,Tinto,https://vvb.com.mx/wp/producto/caliterra-reserva-cabernet-sauvignon/
Cromas Cármenère,Los Vascos,Chile,Nuevo Mundo,Tinto,https://vvb.com.mx/wp/producto/los-vascos-cromas-carmenere/
Cromas Cabernet Sauvignon,Los Vascos,Chile,Nuevo Mundo,Tinto,https://vvb.com.mx/wp/producto/los-vascos-cromas-cabernet-sauvignon/
Reserva Merlot,Caliterra,Chile,Nuevo Mundo,Tinto,https://vvb.com.mx/wp/producto/caliterra-reserva-merlot/
Sauvignon Blanc,Los Vascos,Chile,Nuevo Mundo,Blanco ,https://vvb.com.mx/wp/producto/los-vascos-sauvignon-blanc/
Rosé,Los Vascos,Chile,Nuevo Mundo,Rosado ,https://vvb.com.mx/wp/producto/los-vascos-rose/
Chardonnay,Los Vascos,Chile,Nuevo Mundo,Blanco ,https://vvb.com.mx/wp/producto/los-vascos-chardonnay/
Cabernet Sauvignon,Los Vascos,Chile,Nuevo Mundo,Tinto,https://vvb.com.mx/wp/producto/los-vascos-cabernet-sauvignon/
Santa Luzia,Blandy’s,Portugal,Viejo Mundo, Medeira,https://vvb.com.mx/wp/producto/blandys-santa-luzia/
Raza,Quinta Da Raza,Portugal,Viejo Mundo,Blanco ,https://vvb.com.mx/wp/producto/quinta-da-raza-raza-vinho-verde/
King’s Tawny,Warre’s,Portugal,Viejo Mundo,Oporto,https://vvb.com.mx/wp/producto/warres-kings-tawny/
Altano D.O. Duoro,Symington,Portugal,Viejo Mundo,Tinto,https://vvb.com.mx/wp/producto/symington-altano-d-o-duoro/
Chassagne Montrachet,Bouchard Ainé & Fils,Francia,Viejo Mundo,Tinto,https://vvb.com.mx/wp/producto/chassagne-montrachet/
Chambolle-Musigny,Bouchard Ainé & Fils,Francia,Viejo Mundo,Blanco ,https://vvb.com.mx/wp/producto/bouchard-aine-fils-chambolle-musigny/
Pouilly Fuissé,Bouchard Ainé & Fils,Francia,Viejo Mundo,Blanco ,https://vvb.com.mx/wp/producto/bouchard-aine-fils-pouilly-fuisse/
Meursault,Bouchard Ainé & Fils,Francia,Viejo Mundo,Blanco ,https://vvb.com.mx/wp/producto/bouchard-aine-fils-meursault/
Beaujolais-Villages,Bouchard Ainé & Fils,Francia,Viejo Mundo,Tinto,https://vvb.com.mx/wp/producto/bouchard-aine-fils-beaujolais-villages/
Pommard,Bouchard Ainé & Fils,Francia,Viejo Mundo,Tinto,https://vvb.com.mx/wp/producto/bouchard-aine-fils-beaune-2013-pommard/
Heritage du Conseiller Pinot Noir,Bouchard Ainé & Fils,Francia,Viejo Mundo,Tinto,https://vvb.com.mx/wp/producto/bouchard-aine-fils-heritage-du-conseiller-pinot-noir/
Gevrey Chambertin,Bouchard Ainé & Fils,Francia,Viejo Mundo,Tinto,https://vvb.com.mx/wp/producto/bouchard-aine-fils-gevrey-chambertin/
Heritage du Conseiller Chardonnay,Bouchard Ainé & Fils,Francia,Viejo Mundo,Blanco ,https://vvb.com.mx/wp/producto/bouchard-aine-fils-heritage-du-conseiller-chardonnay/
Nuits Saint Georges 2010,Bouchard Ainé & Fils,Francia,Viejo Mundo,Tinto,https://vvb.com.mx/wp/producto/bouchard-aine-fils-nuits-saint-georges/
Puligny Montrachet,Bouchard Ainé & Fils,Francia,Viejo Mundo,Blanco ,https://vvb.com.mx/wp/producto/bouchard-aine-fils-puligny-montrachet/
Crozes Hermitage,Bouchard Ainé & Fils,Francia,Viejo Mundo,Tinto,https://vvb.com.mx/wp/producto/bouchard-aine-fils-hermitage/
Bonpas Côtes du Rhône,Bonpas Côtes du Rhône,Francia,Viejo Mundo,Tinto,https://vvb.com.mx/wp/producto/bonpas-cotes-du-rhone/
Châteauneuf du Pape,Bonpas,Francia,Viejo Mundo,Tinto,https://vvb.com.mx/wp/producto/bonpas-chateauneuf-du-pape/
Pinot Blanc Reserve,Gustave Lorentz,Francia,Viejo Mundo,Blanco ,https://vvb.com.mx/wp/producto/gustave-lorentz-pinot-blanc-reserve/
 Riesling Reserve,Gustave Lorentz,Francia,Viejo Mundo,Blanco ,https://vvb.com.mx/wp/producto/gustave-lorentz-riesling-reserve/
R Médoc,Légende,Francia,Viejo Mundo,Tinto,https://vvb.com.mx/wp/producto/legende-r-medoc/
R Pauillac,Légende,Francia,Viejo Mundo,Tinto,https://vvb.com.mx/wp/producto/legende-r-pauillac/
Rouge,Légende,Francia,Viejo Mundo,Tinto ,https://vvb.com.mx/wp/producto/legende-rogue/
R Blanc,Légende,Francia,Viejo Mundo,Blanco ,https://vvb.com.mx/wp/producto/legende-blanc/
Casalferro,Barone de Ricasoli,Italia,Viejo Mundo,Tinto,https://vvb.com.mx/wp/producto/barone-de-ricasoli-casalferro/
Chianti,Barone de Ricasoli,Italia,Viejo Mundo,Tinto,https://vvb.com.mx/wp/producto/barone-de-ricasoli-chianti/
Castello Di Brolio,Barone de Ricasoli,Italia,Viejo Mundo,Tinto,https://vvb.com.mx/wp/producto/barone-de-ricasoli-castello-di-brollo/
Brolio Chianti Classic,Barone de Ricasoli,Italia,Viejo Mundo,Tinto,https://vvb.com.mx/wp/producto/barone-de-ricasoli-brolio-chianti-classic/
Dulce,Mineo Marsala,Italia,Viejo Mundo,Tinto ,https://vvb.com.mx/wp/producto/mineo-marsala-dulce/
Cabernet Sauvignon-Merlot,Pierre Jean,Francia,Viejo Mundo,Tinto ,https://vvb.com.mx/wp/producto/pierre-jean-merlot-cabernet-sauvignon/
Seco,Mineo Marsala,Italia,Viejo Mundo,Tinto ,https://vvb.com.mx/wp/producto/mineo-marsala-seco/
Chateau Smith Cabernet Sauvignon,Charles Smith Wines,Estados Unidos,Nuevo Mundo, Tinto,https://vvb.com.mx/wp/producto/charles-smith-wines-chateau-smith-cabernet-sauvignon/
Schrader RBS Cabernet Sauvignon,Schrader Cellars,Estados Unidos,Nuevo Mundo,Tinto ,https://vvb.com.mx/wp/producto/schrader-cellars-schrader-rbs-cabernet-sauvignon/
Pinot Noir,Meiomi,Estados Unidos,Nuevo Mundo,Tinto ,https://vvb.com.mx/wp/producto/meiomi-pinot-noir/
Blend Rosé,Meiomi,Estados Unidos,Nuevo Mundo,Tinto ,https://vvb.com.mx/wp/producto/meiomi-blend-rose/
Petite Syrah,Stags Leap,Estados Unidos,Nuevo Mundo,Tinto ,https://vvb.com.mx/wp/producto/stags-leap-petite-sirah/
Saldo Zinfandel,The Prisoner Wine Company,Estados Unidos,Nuevo Mundo,Tinto ,https://vvb.com.mx/wp/producto/the-prisoner-wine-company-saldo-zinfandel/
Unshackled Cabernet Sauvignon,The Prisoner Wine Company,Estados Unidos,Nuevo Mundo,Tinto ,https://vvb.com.mx/wp/producto/the-prisoner-wine-company-unshackled-cabernet-sauvignon/
Chardonnay,Stags Leap,Estados Unidos,Nuevo Mundo,Blanco ,https://vvb.com.mx/wp/producto/stags-leap-chardonnay/
Moscato,Ménage á Trois,Estados Unidos,Nuevo Mundo, Blanco,https://vvb.com.mx/wp/producto/menage-a-trois-moscato/
Decadence Cabernet Sauvignon,Ménage á Trois,Estados Unidos,Nuevo Mundo,Tinto ,https://vvb.com.mx/wp/producto/menage-a-trois-decadence-cabernet-sauvignon/
Cabernet Sauvignon,Ménage á Trois,Estados Unidos,Nuevo Mundo,Tinto ,https://vvb.com.mx/wp/producto/menage-a-trois-cabernet-sauvignon/
Merlot,Chateau St. Jean,Estados Unidos,Nuevo Mundo,Tinto ,https://vvb.com.mx/wp/producto/chateau-st-jean-merlot/
Diamond 300ml,Momokawa,Estados Unidos,Nuevo Mundo,Sake ,https://vvb.com.mx/wp/producto/momokawa-diamond-300ml/
Cinq Cepages Cabernet Sauvignon,Chateau St. Jean,Estados Unidos,Nuevo Mundo,Tinto ,https://vvb.com.mx/wp/producto/chateau-st-jean-cinq-cepages-cabernet-sauvignon/
Pinot Gris,14 Hands,Estados Unidos,Nuevo Mundo,Blanco ,https://vvb.com.mx/wp/producto/14-hands-pinot-gris/
Reserve Malbec,Michel Torino,Argentina,Nuevo Mundo,,https://vvb.com.mx/wp/producto/michel-torino-reserve-malbec/
Selección Cabernet Sauvignon,Michel Torino,Argentina,Nuevo Mundo,,https://vvb.com.mx/wp/producto/michel-torino-seleccion-cabernet-sauvignon/
Selección Torrontes,Michel Torino,Argentina,Nuevo Mundo,,https://vvb.com.mx/wp/producto/michel-torino-seleccion-torrontes/
Chardonnay,14 Hands,Estados Unidos,Nuevo Mundo,Blanco ,https://vvb.com.mx/wp/producto/14-hands-chardonnay/
Cabernet Sauvignon,14 Hands,Estados Unidos,Nuevo Mundo,Tinto ,https://vvb.com.mx/wp/producto/14-hands-cabernet-sauvignon/
Selección Malbec,Michel Torino,Argentina,Nuevo Mundo,,https://vvb.com.mx/wp/producto/michel-torino-seleccion-malbec/
Merlot,14 Hands,Estados Unidos,Nuevo Mundo,Tinto ,https://vvb.com.mx/wp/producto/14-hands-merlot/
Sauvignon Blanc,Finca La Colonia,Argentina,Nuevo Mundo,,https://vvb.com.mx/wp/producto/finca-la-colonia-sauvignon-blanc/
Chardonnay,Finca La Colonia,Argentina,Nuevo Mundo, Blanco,https://vvb.com.mx/wp/producto/finca-la-colonia-chardonnay/
Malbec,Finca La Colonia,Argentina,Nuevo Mundo, Tinto,https://vvb.com.mx/wp/producto/finca-la-colonia-malbec/
 Merlot,Finca La Colonia,Argentina,Nuevo Mundo, Tinto,https://vvb.com.mx/wp/producto/finca-la-colonia-merlot/
Chardonnay – Sonoma,Chateau St. Jean,Estados Unidos,Nuevo Mundo,Blanco ,https://vvb.com.mx/wp/producto/chateau-st-jean-chardonnay-sonoma/
Etesian Chardonnay,Gloria Ferrer,Estados Unidos,Nuevo Mundo,Blanco ,https://vvb.com.mx/wp/producto/gloria-ferrer-etesian-chardonnay/
Cabernet Sauvignon,Chateau St. Jean,Estados Unidos,Nuevo Mundo,Tinto ,https://vvb.com.mx/wp/producto/chateau-st-jean-cabernet-sauvignon/
Pinot Noir Carneros,Gloria Ferrer,Estados Unidos,Nuevo Mundo,Tinto ,https://vvb.com.mx/wp/producto/gloria-ferrer-pinot-noir-carneros/
Sauvignon Blanc,Newen,Argentina,Nuevo Mundo,,https://vvb.com.mx/wp/producto/newen-sauvignon-blanc/
Malbec,Newen,Argentina,Nuevo Mundo,,https://vvb.com.mx/wp/producto/bodega-del-fin-del-mundo-newen-malbec/
Blanc de Noirs,Gloria Ferrer,Estados Unidos,Nuevo Mundo,Blanco ,https://vvb.com.mx/wp/producto/gloria-ferrer-blanc-de-noirs/
Sonoma Brut,Gloria Ferrer,Estados Unidos,Nuevo Mundo,Espumoso ,https://vvb.com.mx/wp/producto/gloria-ferrer-sonoma-brut/
 Sparkling Brut,Fre,Estados Unidos,Nuevo Mundo, Blanco,https://vvb.com.mx/wp/producto/fre-sparkling-brut/
Red Blend,Fre,Estados Unidos,Nuevo Mundo, Tinto,https://vvb.com.mx/wp/producto/fre-red-blend/
White Zinfandel,Fre,Estados Unidos,Nuevo Mundo, Blanco,https://vvb.com.mx/wp/producto/fre-white-zinfandel/
Midnight Red,Ménage á Trois,Estados Unidos,Nuevo Mundo,Tinto ,https://vvb.com.mx/wp/producto/menage-a-trois-midnight-red/
Moscato,Fre,Estados Unidos,Nuevo Mundo, Blanco,https://vvb.com.mx/wp/producto/fre-moscato/
Luscious Pinot Noir,Ménage á Trois,Estados Unidos,Nuevo Mundo,Tinto ,https://vvb.com.mx/wp/producto/menage-a-trois-luscious-pinot-noir/
Gold Chardonnay,Ménage á Trois,Estados Unidos,Nuevo Mundo,Blanco ,https://vvb.com.mx/wp/producto/menage-a-trois-gold-chardonnay/
Silk Red,Ménage á Trois,Estados Unidos,Nuevo Mundo,Tinto ,https://vvb.com.mx/wp/producto/menage-a-trois-silk-red/
Lavish Merlot,Ménage á Trois,Estados Unidos,Nuevo Mundo,Tinto ,https://vvb.com.mx/wp/producto/menage-a-trois-lavish-merlot/
Pearl,Momokawa,Estados Unidos,Nuevo Mundo,Sake ,https://vvb.com.mx/wp/producto/momokawa-pearl/
Diamond 750ml,Momokawa,Estados Unidos,Nuevo Mundo,Sake ,https://vvb.com.mx/wp/producto/momokawa-diamond-750ml/
Three Valleys,Ridge,Estados Unidos,Nuevo Mundo,Tinto ,https://vvb.com.mx/wp/producto/ridge-three-valleys/
G,Momokawa,Estados Unidos,Nuevo Mundo,Sake ,https://vvb.com.mx/wp/producto/momokawa-g/
Estate Cabernet Sauvignon,Ridge,Estados Unidos,Nuevo Mundo,Tinto ,https://vvb.com.mx/wp/producto/ridge-estate-cabernet-sauvignon/
Cabernet Sauvignon,Stags Leap,Estados Unidos,Nuevo Mundo,Tinto ,https://vvb.com.mx/wp/producto/stags-leap-cabernet-sauvignon/
White Zinfandel,Sutter Home,Estados Unidos,Nuevo Mundo, Rosado,https://vvb.com.mx/wp/producto/sutter-home-white-zinfandel/
The Prisoner Red Blend,The Prisoner Wine Company,Estados Unidos,Nuevo Mundo,Tinto ,https://vvb.com.mx/wp/producto/the-prisoner-wine-company-the-prisoner-red-blend/
Thorn Merlot,The Prisoner Wine Company,Estados Unidos,Nuevo Mundo,Tinto ,https://vvb.com.mx/wp/producto/the-prisoner-wine-company-thorn-merlot/
Cabernet Sauvignon,Mount Veeder Winery,Estados Unidos,Nuevo Mundo,Tinto ,https://vvb.com.mx/wp/producto/mount-veeder-winery-cabernet-sauvignon/
Double Diamond Cabernet Sauvignon,Schrader Cellars,Estados Unidos,Nuevo Mundo,Tinto ,https://vvb.com.mx/wp/producto/schrader-cellars-double-diamond-cabernet-sauvignon/
Derange Red Blend,The Prisoner Wine Company,Estados Unidos,Nuevo Mundo,Tinto ,https://vvb.com.mx/wp/producto/the-prisoner-wine-company-derange-red-blend/
Boom Boom! Syrah,Charles Smith Wines,Estados Unidos,Nuevo Mundo, Tinto,https://vvb.com.mx/wp/producto/charles-smith-boom-boom-syrah/
Band of Roses Rosé,Charles Smith Wines,Estados Unidos,Nuevo Mundo, Riesling,https://vvb.com.mx/wp/producto/charles-smith-band-of-roses-rose/
Kung Fu Girl Riesling,Charles Smith Wines,Estados Unidos,Nuevo Mundo, Riesling,https://vvb.com.mx/wp/producto/charles-smith-wines-kung-fu-girl-riesling/
The Velvet Devil Merlot,Charles Smith Wines,Estados Unidos,Nuevo Mundo, Tinto,https://vvb.com.mx/wp/producto/charles-smith-wines-the-velvet-devil-merlot/
Malbec,Achaval Ferrer,Argentina,Nuevo Mundo,,https://vvb.com.mx/wp/producto/achaval-ferrer-malbec/
Mendoza 2015 Malbec D.O.C.,Norton,Argentina,Nuevo Mundo, Tinto,https://vvb.com.mx/wp/producto/norton-mendoza-2015-malbec-d-o-c/
Espumoso Clásico Extra Brut,Norton,Argentina,Nuevo Mundo, Blanco espumoso,https://vvb.com.mx/wp/producto/norton-espumoso-clasico-extra-brut-2/
Finca Piedra Infinita,Zuccardi,Argentina,Nuevo Mundo,,https://vvb.com.mx/wp/producto/zuccardi-finca-piedra-infinita/
Quimera,Achaval Ferrer,Argentina,Nuevo Mundo,,https://vvb.com.mx/wp/producto/achaval-ferrer-quimera/
Privada,Norton,Argentina,Nuevo Mundo, Tinto,https://vvb.com.mx/wp/producto/norton-privada/
Reserva,Valmar Presente del Sol,México,Nuevo Mundo,Tinto ,https://vvb.com.mx/wp/producto/valmar-presente-del-sol-reserva/
Juan Carrau Amat Tannat,Bodegas Carrau,Uruguay,Nuevo Mundo,Tinto,https://vvb.com.mx/wp/producto/bodegas-carrau-juan-carrau-amat-tannat/
Juan Carrau Tannat de Reserva,Bodegas Carrau,Uruguay,Nuevo Mundo,Tinto,https://vvb.com.mx/wp/producto/bodegas-carrau-juan-carrau-tannat-de-reserva/
Juan Carrau Tannat,Bodegas Carrau,Uruguay,Nuevo Mundo,Tinto,https://vvb.com.mx/wp/producto/bodegas-carrau-juan-carrau-tannat/
Chardonnay,Emevé,México,Nuevo Mundo,Blanco ,https://vvb.com.mx/wp/producto/emeve-chardonnay/
Cabernet Sauvignon,Xecué,México,Nuevo Mundo,Tinto ,https://vvb.com.mx/wp/producto/xecue-cabernet-sauvignon/
Reserva,Xecué,México,Nuevo Mundo,Tinto ,https://vvb.com.mx/wp/producto/xecue-reserva/
50ml,Damiana,México,Nuevo Mundo,Licor de Guaycura ,https://vvb.com.mx/wp/producto/damiana-50-ml/
Esfera,Valmar,México,Nuevo Mundo,Tinto ,https://vvb.com.mx/wp/producto/valmar-esfera/
Casta Pitaya,Casta de Vinos,México,Nuevo Mundo,Rosado ,https://vvb.com.mx/wp/producto/casta-de-vinos-casta-pitaya/
Tinto 750ml,Analogía,México,Nuevo Mundo,Tinto,https://vvb.com.mx/wp/producto/analogia-tinto-750ml/
Tinto 375ml,Analogía,México,Nuevo Mundo,Tinto,https://vvb.com.mx/wp/producto/analogia-tinto-375ml/
Espumoso Brut 375ml,Analogía,México,Nuevo Mundo,Espumoso ,https://vvb.com.mx/wp/producto/analogia-espumoso-375ml/
Rosado,Analogía,México,Nuevo Mundo,Rosado ,https://vvb.com.mx/wp/producto/analogia-vino-rosado/
Espumoso Amabile,Analogía,México,Nuevo Mundo,Espumoso ,https://vvb.com.mx/wp/producto/analogia-espumoso-amabile/
Espumoso Brut 750ml,Analogía,México,Nuevo Mundo,Espumoso ,https://vvb.com.mx/wp/producto/analogia-espumoso-brut-750ml/
Blanco,Analogía,México,Nuevo Mundo,Blanco ,https://vvb.com.mx/wp/producto/analogia-blanco/
Mourverde (producción limitada),Casta de Vinos,México,Nuevo Mundo,Tinto ,https://vvb.com.mx/wp/producto/casta-de-vinos-mourverde-produccion-limitada/
Casta Cirio,Casta de Vinos,México,Nuevo Mundo,Tinto ,https://vvb.com.mx/wp/producto/casta-de-vinos-casta-cirio/
Casta Blanca,Casta de Vinos,México,Nuevo Mundo,Blanco ,https://vvb.com.mx/wp/producto/casta-de-vinos-casta-blanca/
Casta Petit Verdot (producción limitada),Casta de Vinos,México,Nuevo Mundo,Tinto ,https://vvb.com.mx/wp/producto/casta-de-vinos-casta-petit-verdot-produccion-limitada/
Casta Cardón,Casta de Vinos,México,Nuevo Mundo,Tinto ,https://vvb.com.mx/wp/producto/casta-de-vinos-casta-cardon/
Casta Cabernet Sauvignon,Casta de Vinos,México,Nuevo Mundo,Tinto ,https://vvb.com.mx/wp/producto/casta-de-vinos-casta-cabernet-sauvignon/
Syrah (producción limitada),Casta de Vinos,México,Nuevo Mundo,Tinto ,https://vvb.com.mx/wp/producto/casta-de-vinos-syrah-produccion-limitada/
Tempranillo,Cavas Valmar,México,Nuevo Mundo,Tinto ,https://vvb.com.mx/wp/producto/cavas-valmar-tempranillo/
Cabernet Sauvignon (producción limitada),Cavas Valmar,México,Nuevo Mundo,Tinto ,https://vvb.com.mx/wp/producto/cavas-valmar-cabernet-sauvignon-produccion-limitada/
Chenin Blanc,Cavas Valmar,México,Nuevo Mundo,Blanco ,https://vvb.com.mx/wp/producto/cavas-valmar-chenin-blanc/
Merlot,Xecué,México,Nuevo Mundo,Tinto ,https://vvb.com.mx/wp/producto/xecue-merlot/
D4 Selección,Cavas Valmar,México,Nuevo Mundo,Tinto ,https://vvb.com.mx/wp/producto/cavas-valmar-d4-seleccion/
Etnia,Xecué,México,Nuevo Mundo,Tinto ,https://vvb.com.mx/wp/producto/xecue-etnia/
Kumeey,Xecué,México,Nuevo Mundo,Tinto ,https://vvb.com.mx/wp/producto/xecue-kumeey/
Syrah,Emevé,México,Nuevo Mundo,Tinto ,https://vvb.com.mx/wp/producto/emeve-syrah/
Malbec,Emevé,México,Nuevo Mundo,Tinto ,https://vvb.com.mx/wp/producto/emeve-malbec/
Armonía de Tintos,Emevé,México,Nuevo Mundo,Tinto ,https://vvb.com.mx/wp/producto/emeve-armonia-de-tintos/
Los Nietos (Mezcla Bordalesa),Emevé,México,Nuevo Mundo,Tinto ,https://vvb.com.mx/wp/producto/emeve-los-nietos-mezcla-bordalesa/
Cabernet Sauvignon,Emevé,México,Nuevo Mundo,Tinto ,https://vvb.com.mx/wp/producto/emeve-cabernet-sauvignon/
Luz,Valmar Luna Del Valle,México,Nuevo Mundo,Tinto ,https://vvb.com.mx/wp/producto/valmar-luna-del-valle-luz/
Sombra (producción limitada),Valmar Luna Del Valle,México,Nuevo Mundo,Tinto ,https://vvb.com.mx/wp/producto/valmar-luna-del-valle-sombra-produccion-limitada/
Aluvional Paraje Altamira,Zuccardi,Argentina,Nuevo Mundo,,https://vvb.com.mx/wp/producto/zuccardi-aluvional-paraje-altamira/
José Zuccardi Malbec,Zuccardi,Argentina,Nuevo Mundo,,https://vvb.com.mx/wp/producto/zuccardi-jose-zuccardi-malbec/
Concreto Malbec,Zuccardi,Argentina,Nuevo Mundo,,https://vvb.com.mx/wp/producto/zuccardi-concreto-malbec/
Serie Q Chardonnay,Zuccardi,Argentina,Nuevo Mundo,,https://vvb.com.mx/wp/producto/zuccardi-serie-q-chardonnay/
Emma Bonarda,Zuccardi,Argentina,Nuevo Mundo,,https://vvb.com.mx/wp/producto/zuccardi-emma-bonarda/
Serie Q Tempranillo,Zuccardi,Argentina,Nuevo Mundo,,https://vvb.com.mx/wp/producto/zuccardi-serie-q-tempranillo/
Serie Q Cabernet Sauvignon,Zuccardi,Argentina,Nuevo Mundo,,https://vvb.com.mx/wp/producto/zuccardi-serie-q-cabernet-sauvignon/
Serie Q Cabernet Franc,Zuccardi,Argentina,Nuevo Mundo,,https://vvb.com.mx/wp/producto/zuccardi-serie-q-cabernet-franc/
Serie Q Malbec,Zuccardi,Argentina,Nuevo Mundo,,https://vvb.com.mx/wp/producto/zuccardi-serie-q-malbec/
Serie A Torrontes,Zuccardi,Argentina,Nuevo Mundo,,https://vvb.com.mx/wp/producto/zuccardi-serie-a-torrontes/
Serie A Malbec,Zuccardi,Argentina,Nuevo Mundo,,https://vvb.com.mx/wp/producto/zuccardi-serie-a-malbec/
Los Olivos Malbec,Zuccardi,Argentina,Nuevo Mundo,,https://vvb.com.mx/wp/producto/zuccardi-los-olivos-malbec/
Colección Malbec,Norton,Argentina,Nuevo Mundo, Tinto,https://vvb.com.mx/wp/producto/norton-coleccion-malbec/
Serie A Bonarda,Zuccardi,Argentina,Nuevo Mundo,,https://vvb.com.mx/wp/producto/zuccardi-serie-a-bonarda/
Colección Torrontés,Norton,Argentina,Nuevo Mundo, Blanco,https://vvb.com.mx/wp/producto/norton-coleccion-torrontes/
Los Olivos Chardonnay,Zuccardi,Argentina,Nuevo Mundo,,https://vvb.com.mx/wp/producto/zuccardi-los-olivos-chardonnay/
Colección Chardonnay,Norton,Argentina,Nuevo Mundo, Blanco,https://vvb.com.mx/wp/producto/norton-coleccion-chardonnay/
Colección Cabernet Sauvignon,Norton,Argentina,Nuevo Mundo, Tinto,https://vvb.com.mx/wp/producto/norton-coleccion-cabernet-sauvignon-2/
Gernot Langes,Norton,Argentina,Nuevo Mundo, Tinto,https://vvb.com.mx/wp/producto/norton-gernot-langes/
Barrel Select Malbec,Norton,Argentina,Nuevo Mundo, Tinto,https://vvb.com.mx/wp/producto/norton-barrel-select-malbec/
Espumoso Cosecha Especial Brut Rosé,Norton,Argentina,Nuevo Mundo, Rosa espumoso,https://vvb.com.mx/wp/producto/norton-espumoso-cosecha-especial-brut-rose/
Espumoso Cosecha Especial Extra Brut,Norton,Argentina,Nuevo Mundo, Blanco espumoso,https://vvb.com.mx/wp/producto/norton-espumoso-cosecha-especial-extra-brut/
Reserva Malbec,Norton,Argentina,Nuevo Mundo, Tinto,https://vvb.com.mx/wp/producto/norton-reserva-malbec/
